sl_no,medicine,dosage_form_strength,unit,ceiling_price,existing_so_no,existing_so_date
1,5-aminosalicylic Acid,Tablet 400 mg,1 Tablet,8.06,1992(E),15-05-2024
2,5-Fluorouracil,Injection 250 mg/5 ml,1 ML,2.08,1547(E),26-03-2024
3,6-Mercaptopurine,Tablet 50mg,1 Tablet,5.35,1547(E),26-03-2024
4,Abacavir,Tablet 300 mg,1 Tablet,49.44,1547(E),26-03-2024
5,Abacavir (A) +Lamivudine(B),Tablet 600mg (A) +300mg (B),1 Tablet,73.58,1547(E),26-03-2024
6,Acetazolamide,Tablet 250mg,1 Tablet,4.13,1547(E),26-03-2024
7,Acetazolamide,Capsule 250mg,1 Capsule,5.14,1547(E),26-03-2024
8,Acetylsalicylic acid,Enteric coated Tablet 75 mg,1 Tablet,0.36,1547(E),26-03-2024
9,Acetylsalicylic acid,Conventional/Efferves cent/Dispersible/ Enteric coated Tablets 150 mg,1 Tablet,0.72,1547(E),26-03-2024
10,Acetylsalicylic acid,Conventional / Effervescent / Dispersible / Enteric coated Tablets 325 mg,1 Tablet,0.68,1547(E),26-03-2024
11,Actinomycin D,Powder for Injection 0.5mg,1 Vial,336.79,1547(E),26-03-2024
12,Acyclovir,Tablet 400mg,1 Tablet,13.90,1547(E),26-03-2024
13,Acyclovir,Tablet 200mg,1 Tablet,7.74,1547(E),26-03-2024
14,Acyclovir,Powder for Injection 250 mg,1 Vial,433.82,1547(E),26-03-2024
15,Acyclovir,Powder for Injection 500 mg,1 Vial,537.65,1547(E),26-03-2024
16,Acyclovir,Tablet 800mg,1 Tablet,38.32,1547(E),26-03-2024
17,Acyclovir,Ointment 3%,1 GM,11.87,1547(E),26-03-2024
18,Acyclovir,Oral liquid 400mg/5mL (p),1 ML,1.38,1547(E),26-03-2024
19,Adenosine,Injection 3mg/mL,1 ML,94.48,1547(E),26-03-2024
20,Adrenaline,Injection1mg/mL,1 ML,12.44,1547(E),26-03-2024
21,Albendazole,Oral liquid 200mg/5mL(p),1 ML,1.82,1547(E),26-03-2024
22,Albendazole,Tablet 400mg,1 Tablet,7.16,1547(E),26-03-2024
23,Albendazole,Chewable Tablet 400mg,1 Tablet,8.27,1547(E),26-03-2024
24,Allopurinol,Tablet 300mg,1 Tablet,5.73,1547(E),26-03-2024
25,Allopurinol,Tablet 100mg,1 Tablet,1.92,1547(E),26-03-2024
26,Alprostadil,Injection 0.5mg/mL,1 ML,6213.02,1547(E),26-03-2024
27,Amikacin,Injection 250mg/mL,1 ML,55.11,1547(E),26-03-2024
28,Amiodarone,Tablet 200mg,1 Tablet,11.71,1547(E),26-03-2024
29,Amiodarone,Tablet 100mg,1 Tablet,6.25,1547(E),26-03-2024
30,Amiodarone,Injection 50mg/mL,1 ML,21.50,1547(E),26-03-2024
31,Amitriptyline,Tablet 50mg,1 Tablet,6.09,1547(E),26-03-2024
32,Amitriptyline,Tablet 75mg,1 Tablet,5.54,1547(E),26-03-2024
33,Amitriptyline,Tablet 25mg,1 Tablet,2.53,1547(E),26-03-2024
34,Amitriptyline,Tablet 10mg,1 Tablet,2.43,1547(E),26-03-2024
35,Amlodipine,Tablet 2.5mg,1 Tablet,1.82,1547(E),26-03-2024
36,Amlodipine,Tablet 5mg,1 Tablet,2.54,1547(E),26-03-2024
37,Amlodipine,Tablet 10mg,1 Tablet,5.54,1547(E),26-03-2024
38,Amoxicillin,Capsule 250mg,1 Capsule,2.48,1547(E),26-03-2024
39,Amoxicillin,Capsule 500mg,1 Capsule,7.49,1547(E),26-03-2024
40,Amoxicillin,Oral liquid 250 mg/5 mL (p),1 ML,1.59,1547(E),26-03-2024
41,Amoxicillin,Powder for Injection 250 mg,1 Vial,25.22,1547(E),26-03-2024
42,Amoxicillin,Powder for Injection 500 mg,1 Vial,55.60,1547(E),26-03-2024
43,Amoxicillin,Oral liquid 125 mg/5 mL (p),1 ML,1.04,1547(E),26-03-2024
44,Amoxicillin (A) + Clavulanic acid (B),Powder for Injection 1 g (A) +200mg (B),1 Vial,144.12,659(E),07-02-2025
45,Amoxicillin (A) + Clavulanic acid (B),Powder for Injection 500mg (A) + 100mg (B),1 Vial,103.11,1547(E),26-03-2024
46,Amoxicillin (A) + Clavulanic acid (B),Dry Syrup 125mg (A) + 31.25 (B)/5mL(p),1 ML,2.09,1547(E),26-03-2024
47,Amoxicillin (A) +Clavulanic acid (B),Tablet 500 mg (A) + 125 mg (B),1 Tablet,18.62,1547(E),26-03-2024
48,Amoxicillin (A) +Clavulanic acid (B),Oral liquid 200 mg (A) + 28.5mg(B)/5 mL(p),1 ML,2.06,1547(E),26-03-2024
49,Amphotericin B,Amphotericin B(conventional) - Injection 50mg/vial,1 Vial,231.36,1547(E),26-03-2024
50,Amphotericin B Lipid,Injection 50mg/ vial,1 Vial,1920.60,5497(E),19-12-2024
51,Amphotericin B Liposomal,Injection 50mg/ vial,1 Vial,6763.93,5497(E),19-12-2024
52,Ampicillin,Powder for Injection 500 mg,1 Vial,14.50,1547(E),26-03-2024
53,Ampicillin,Powder for Injection 1 gm,1 Vial,25.35,1992(E),15-05-2024
54,Anti-rabies immunoglobulin,Injection 150 IU/ml,1 ML,3161.67,5497(E),19-12-2024
55,Anti-rabies immunoglobulin,Injection 300 IU/ml,1 ML,111.47,5497(E),19-12-2024
56,Anti-tetanus immunoglobulin,As licensed (250IU),1 Vial,1266.45,5497(E),19-12-2024
57,Anti-tetanus immunoglobulin,As licensed (500IU),1 Vial,1908.39,5497(E),19-12-2024
58,Anti-tetanus immunoglobulin,As licensed (1000IU),1 Vial,2730.90,5497(E),19-12-2024
59,Arsenic Trioxide,Injection 1mg/ml,1 ML,31.07,1547(E),26-03-2024
60,Artemether (A) + Lumefantrine(B),Tablet 40 mg (A) + 240 mg (B),1 Tablet,18.35,1547(E),26-03-2024
61,Artemether (A) +Lumefantrine(B),Tablet 80mg(A)+480mg(B),1 Tablet,25.95,1547(E),26-03-2024
62,Artemether (A) +Lumefantrine(B),Tablet 20 mg (A) + 120 mg (B),1 Tablet,12.87,1547(E),26-03-2024
63,Artesunate,Powder for Injection 60 mg,1 Vial,248.99,1547(E),26-03-2024
64,Artesunate,Powder for Injection 120mg,1 Vial,462.35,1547(E),26-03-2024
65,Artesunate (A) + Sulphadoxine - Pyrimethamine (B),Combi pack (A+B) 1 Tablet 50mg (A) + 1Tablet (500mg + 25mg) (B),1 Combi Pack,22.94,1547(E),26-03-2024
66,Ascorbic acid (Vitamin C),Tablet 100mg,1 Tablet,0.24,1547(E),26-03-2024
67,Ascorbic acid (VitaminC),Tablet 500mg,1 Tablet,1.57,5498(E),19-12-2024
68,Atazanavir (A) +Ritonavir(B),Tablet 300mg(A) + Tablet 100mg(B),1 Tablet,101.57,1547(E),26-03-2024
69,Atorvastatin,Tablet 40mg,1 Tablet,19.64,1547(E),26-03-2024
70,Atorvastatin,Tablet 20mg,1 Tablet,12.78,1547(E),26-03-2024
71,Atorvastatin,Tablet 10mg,1 Tablet,5.06,5498(E),19-12-2024
72,Atorvastatin,Tablet 80mg,1 Tablet,41.29,1547(E),26-03-2024
73,Atracurium,Injection 10 mg/ml,1 ML,17.28,1547(E),26-03-2024
74,Atropine,Drops 1%,1 ML,4.01,1547(E),26-03-2024
75,Atropine,Ointment 1%,1 GM,4.79,1547(E),26-03-2024
76,Atropine,Injection 0.6mg/mL,1 ML,6.98,4498(E),14-10-2024
77,Azathioprine,Tablet 50mg,1 Tablet,11.46,1547(E),26-03-2024
78,Azathioprine,Tablet 25mg(p),1 Tablet,7.37,1547(E),26-03-2024
79,Azithromycin,Powder for Injection 500mg,1 Vial,208.28,1547(E),26-03-2024
80,Azithromycin,Tablet 250mg,1 Tablet,11.87,659(E),07-02-2025
81,Azithromycin,Tablet 500mg,1 Tablet,23.98,1547(E),26-03-2024
82,Azithromycin,Oral liquid 200 mg/5 mL (p),1 ML,3.47,1547(E),26-03-2024
83,Azithromycin,Capsule250mg,1 Capsule,10.80,1547(E),26-03-2024
84,Azithromycin,Tablet 1000mg,1 Tablet,58.79,1547(E),26-03-2024
85,Azithromycin,Capsule 500mg,1 Capsule,19.36,1547(E),26-03-2024
86,Baclofen,Tablet 20mg,1 Tablet,16.56,1547(E),26-03-2024
87,Baclofen,Tablet 10mg,1 Tablet,12.11,1547(E),26-03-2024
88,Baclofen,Tablet 5mg,1 Tablet,6.48,1547(E),26-03-2024
89,BCG vaccine,As licensed,Each dose (0.10 ML),8.15,5497(E),19-12-2024
90,Bendamustine hydrochloride,Injection 100 mg/vial,1 Vial,5032.89,1547(E),26-03-2024
91,Benzathine benzylpenicillin,Powder for Injection 12 lac units,1 Vial,20.15,1547(E),26-03-2024
92,Benzathine benzylpenicillin,Powder for Injection 6 lac units,1 Vial,11.89,1547(E),26-03-2024
93,Benzoyl peroxide,Gel 2.5%,1 GM,3.68,1547(E),26-03-2024
94,Benzoyl peroxide,Gel 5%,1 GM,8.11,1547(E),26-03-2024
95,Benzoyl peroxide,Gel 3.5%,1 GM,10.29,1547(E),26-03-2024
96,Betamethasone,Injection 4mg/mL,1 ML,4.82,1547(E),26-03-2024
97,Betamethasone valerate,Cream 0.05%,1 GM,0.68,1547(E),26-03-2024
98,Betamethasone valerate,Cream 0.1%,1 GM,1.06,1547(E),26-03-2024
99,Bicalutamide,Tablet 50mg,1 Tablet,44.05,1547(E),26-03-2024
100,Bisacodyl,Tablet 5mg,1 Tablet,1.19,1547(E),26-03-2024
101,Bisacodyl,Suppository 5mg,1 Suppository,10.15,1547(E),26-03-2024
102,Bleomycin,Powder for Injection 15units,1 Vial,689.20,1547(E),26-03-2024
103,Bortezomib,Powder for Injection 2mg,1 Vial,5352.05,1547(E),26-03-2024
104,Budesonide,Respirator solution for use in nebulizer 0.5mg/mL,1 ML,12.11,1547(E),26-03-2024
105,Budesonide,Respirator solution for use in nebulizer 1mg/mL,1 ML,13.37,1547(E),26-03-2024
106,Budesonide,Inhalation (MDI) 100 mcg/dose,1 Metered Dose,1.43,1547(E),26-03-2024
107,Budesonide,Inhalation (MDI) 200 mcg/dose,1 Metered Dose,2.07,1547(E),26-03-2024
108,Budesonide,Inhalation (DPI) 200 mcg/dose,1 Dose,3.39,1547(E),26-03-2024
109,Budesonide,Nasal Spray 100 mcg/dose,1 Dose,0.82,1547(E),26-03-2024
110,Budesonide (A)+ Formoterol (B),Inhalation (MDI) 100 mcg (A) + 6 mcg (B),1 Metered Dose,2.16,1547(E),26-03-2024
111,Budesonide (A)+ Formoterol (B),Inhalation (DPI) 100 mcg (A) + 6 mcg (B),1 Dose,4.40,1547(E),26-03-2024
112,Budesonide (A)+ Formoterol (B),Inhalation (DPI) 200 mcg (A) + 6 mcg (B),1 Dose,5.82,1547(E),26-03-2024
113,Budesonide (A)+ Formoterol (B),Inhalation (DPI) 400 mcg (A) + 6 mcg (B),1 Dose,7.07,1994(E),15-05-2024
114,Budesonide (A) + Formoterol (B),Inhalation (MDI) 200mcg (A) + 6mcg (B),1 Metered dose,3.01,5497(E),19-12-2024
115,Budesonide (A) + Formoterol (B),Inhalation (MDI) 400mcg (A) + 6mcg (B),1 Metered dose,3.43,5497(E),19-12-2024
116,Bupivacaine,Injection 0.5 % with 7.5 % glucose,1 ML,7.52,1547(E),26-03-2024
117,Bupivacaine,Injection 0.5 %,1 ML,4.50,1547(E),26-03-2024
118,Bupivacaine,Injection 0.25%,1 ML,2.88,1547(E),26-03-2024
119,Buprenorphine,Tablet (Sub- lingual)0.4mg,1 Tablet,9.59,1547(E),26-03-2024
120,Buprenorphine (A) +Naloxone (B),Tablet (Sub-lingual) 2mg(A)+0.5mg(B),1 Tablet,37.62,1547(E),26-03-2024
121,Buprenorphine (A) +Naloxone (B),Tablet (Sub-lingual) 0.4mg(A)+0.1mg(B),1 Tablet,12.03,1547(E),26-03-2024
122,Caffeine,Oral liquid 20 mg/mL,1 ML,249.96,1547(E),26-03-2024
123,Caffeine,Injection 20mg/mL,1 ML,254.86,1547(E),26-03-2024
124,Calamine,Lotion (As per IP),1 ML,0.97,1547(E),26-03-2024
125,Calcium folinate,Tablet 15mg,1 Tablet,48.37,1547(E),26-03-2024
126,Capecitabine,Tablet 500mg,1 Tablet,114.69,1547(E),26-03-2024
127,Carbamazepine,Modified Release 3 Tablet 200mg,1 Tablet,2.44,1547(E),26-03-2024
128,Carbamazepine,Modified Release 3 Tablet 400mg,1 Tablet,4.74,1547(E),26-03-2024
129,Carbamazepine,Tablet 400mg,1 Tablet,3.61,1547(E),26-03-2024
130,Carbamazepine,Tablet 200mg,1 Tablet,1.60,1547(E),26-03-2024
131,Carbamazepine,Oral liquid 100mg/5mL(p),1 ML,0.32,1547(E),26-03-2024
132,Carbamazepine,Tablet 100mg,1 Tablet,1.09,1547(E),26-03-2024
133,Carbimazole,Tablet 10mg,1 Tablet,4.33,1547(E),26-03-2024
134,Carbimazole,Tablet 5mg,1 Tablet,2.23,1547(E),26-03-2024
135,Carbimazole,Tablet 20mg,1 Tablet,14.11,1547(E),26-03-2024
136,Carboplatin,Injection 10mg/mL,1 ML,60.10,1547(E),26-03-2024
137,Carboxymethyl cellulose,Drops 0.5%,1 ML,12.51,1547(E),26-03-2024
138,Carboxymethyl cellulose,Drops 1%,1 ML,16.87,1547(E),26-03-2024
139,Cefadroxil,Tablet 500mg,1 Tablet,6.83,4498(E),14-10-2024
140,Cefadroxil,Oral liquid 125mg/5mL(p),1 ML,0.69,1547(E),26-03-2024
141,Cefixime,Tablet 400mg,1 Tablet,22.48,1547(E),26-03-2024
142,Cefixime,Tablet 200mg,1 Tablet,9.95,1547(E),26-03-2024
143,Cefixime,Oral liquid 50 mg/5 mL (p),1 ML,1.66,1547(E),26-03-2024
144,Cefixime,Oral liquid 100mg/5mL(p),1 ML,2.43,1547(E),26-03-2024
145,Cefixime,Capsule 200mg,1 Capsule,14.94,1547(E),26-03-2024
146,Cefotaxime,Powder for Injection 250 mg,1 Vial,18.03,1547(E),26-03-2024
147,Cefotaxime,Powder for Injection 500 mg,1 Vial,24.80,1547(E),26-03-2024
148,Cefotaxime,Powder for Injection 1000mg,1 Vial,40.66,1547(E),26-03-2024
149,Ceftazidime,Powder for Injection 1000mg,1 Vial,230.97,1547(E),26-03-2024
150,Ceftazidime,Powder for Injection 250 mg,1 Vial,80.45,1547(E),26-03-2024
151,Ceftriaxone,Powder for Injection 500 mg,1 Vial,51.16,1547(E),26-03-2024
152,Ceftriaxone,Powder for Injection 250 mg,1 Vial,28.83,1547(E),26-03-2024
153,Ceftriaxone,Powder for Injection 1000mg,1 Vial,63.47,1547(E),26-03-2024
154,Ceftriaxone,Powder for Injection 2000mg,1 Vial,140.52,1547(E),26-03-2024
155,Cefuroxime,Tablet 500mg,1 Tablet,52.33,1547(E),26-03-2024
156,Cefuroxime,Injection 1500 mg,1 Vial,344.66,1547(E),26-03-2024
157,Cefuroxime,Oral liquid 125mg/5mL(p),1 ML,5.40,1550(E),26-03-2024
158,Cetirizine,Tablet 10mg,1 Tablet,1.91,1547(E),26-03-2024
159,Cetirizine,Oral liquid 5mg/5mL(p),1 ML,0.67,1547(E),26-03-2024
160,Chlorambucil,Tablet 2 mg,1 Tablet,31.70,1547(E),26-03-2024
161,Chlorambucil,Tablet 5 mg,1 Tablet,78.55,1547(E),26-03-2024
162,Chloroquine,Tablet 150 mg,1 Tablet,1.35,3868(E),10-09-2024
163,Chloroquine,Oral liquid 50mg/5mL,1 ML,0.35,1547(E),26-03-2024
164,Cholecalciferol,Tablet 1000 IU,1 Tablet,4.39,1547(E),26-03-2024
165,Cholecalciferol,Oral liquid 400 IU/mL,1 ML,2.66,1547(E),26-03-2024
166,Cholecalciferol,Tablet 60000 IU,1 Tablet,22.89,1547(E),26-03-2024
167,Cholecalciferol,Capsule 60000 IU,1 Capsule,31.32,1547(E),26-03-2024
168,Cholecalciferol,Capsule 1000 IU,1 Capsule,4.98,1547(E),26-03-2024
169,Cholecalciferol,Solid oral dosage form 60000 IU Sachet/Granuels/Powd er,1 GM,34.57,1547(E),26-03-2024
170,Cholecalciferol,Solid oral dosage form 1000 IU Sachet/Granuels/Powd er,1 GM,23.54,1547(E),26-03-2024
171,Ciprofloxacin,Tablet 250mg,1 Tablet,2.24,1547(E),26-03-2024
172,Ciprofloxacin,Tablet 500mg,1 Tablet,4.32,1547(E),26-03-2024
173,Ciprofloxacin,Drops 0.3 %,1 ML,1.57,1547(E),26-03-2024
174,Ciprofloxacin,Injection 200mg/100mL,1 ML,0.20,1547(E),26-03-2024
175,Ciprofloxacin,Oral liquid 250mg/5mL(p),1 ML,0.75,1547(E),26-03-2024
176,Ciprofloxacin,Ointment 0.3%,1 GM,1.31,1547(E),26-03-2024
177,Cisplatin,Injection 1mg/mL,1 ML,7.21,1547(E),26-03-2024
178,Clarithromycin,Tablet 250mg,1 Tablet,24.48,5498(E),19-12-2024
179,Clarithromycin,Tablet 500mg,1 Tablet,40.53,1547(E),26-03-2024
180,Clarithromycin,Oral liquid,1 ML,4.73,5498(E),19-12-2024
181,Clindamycin,Capsule 150mg,1 Capsule,16.64,1547(E),26-03-2024
182,Clindamycin,Capsule 300mg,1 Capsule,28.86,1547(E),26-03-2024
183,Clindamycin,Tablet 300mg,1 Tablet,19.30,1547(E),26-03-2024
184,Clindamycin,Injection150mg/mL,1 ML,61.65,1547(E),26-03-2024
185,Clobazam,Tablet 5mg,1 Tablet,5.83,1547(E),26-03-2024
186,Clobazam,Tablet 10mg,1 Tablet,10.01,1547(E),26-03-2024
187,Clofazimine,Capsule100mg,1 Capsule,4.05,1547(E),26-03-2024
188,Clofazimine,Capsule 50mg,1 Capsule,2.15,1547(E),26-03-2024
189,Clomiphene citrate,Capsule 50mg,1 Capsule,27.85,1547(E),26-03-2024
190,Clomiphene citrate,Capsule 100 mg,1 Capsule,52.03,1547(E),26-03-2024
191,Clomiphenecitrate,Tablet 100 mg,1 Tablet,14.19,1547(E),26-03-2024
192,Clomiphenecitrate,Tablet 50mg,1 Tablet,8.99,1547(E),26-03-2024
193,Clomipramine,Tablet 10 mg,1 Tablet,2.90,1547(E),26-03-2024
194,Clomipramine,Tablet 25 mg,1 Tablet,6.33,1547(E),26-03-2024
195,Clomipramine,Tablet 75 mg,1 Tablet,16.75,1547(E),26-03-2024
196,Clonazepam,Tablet 0.25mg,1 Tablet,2.06,1547(E),26-03-2024
197,Clonazepam,Tablet 0.5mg,1 Tablet,3.51,1547(E),26-03-2024
198,Clonazepam,Tablet 1mg,1 Tablet,4.85,1547(E),26-03-2024
199,Clopidogrel,Tablet 75mg,1 Tablet,6.78,1547(E),26-03-2024
200,Clopidogrel,Tablet 150 mg,1 Tablet,20.84,1547(E),26-03-2024
201,Clotrimazole,Lotion 1%,1 ML,3.96,1547(E),26-03-2024
202,Clotrimazole,Pessary 100mg,1 Pessary,10.18,1547(E),26-03-2024
203,Clotrimazole,Drops 1%,1 ML,3.43,1547(E),26-03-2024
204,Clotrimazole,Cream1%,1 GM,3.05,1547(E),26-03-2024
205,Cloxacillin,Capsule 500mg,1 Capsule,2.42,1992(E),15-05-2024
206,Cloxacillin,Capsule 250mg,1 Capsule,1.43,1992(E),15-05-2024
207,Clozapine,Tablet 25mg,1 Tablet,2.83,1547(E),26-03-2024
208,Clozapine,Tablet 50mg,1 Tablet,5.28,1547(E),26-03-2024
209,Clozapine,Tablet 100 mg,1 Tablet,8.60,1547(E),26-03-2024
210,Colchicine,Tablet 0.5mg,1 Tablet,3.32,1547(E),26-03-2024
211,Co-trimoxazole [Sulphamethoxazole (A) +Trimethoprim(B)],Tablet 400 mg (A) + 80 mg (B),1 Tablet,0.92,1547(E),26-03-2024
212,Co-trimoxazole [Sulphamethoxazole (A) +Trimethoprim(B)],Oral liquid 200 mg (A) + 40 mg(B)/5mL(p),1 ML,0.36,1547(E),26-03-2024
213,Co-trimoxazole [Sulphamethoxazole (A)+Trimethoprim (B)],Tablet 800mg (A) + 160 mg (B),1 Tablet,2.34,1547(E),26-03-2024
214,Cyclophosphamide,Powder for Injection 500mg,1 Vial,74.76,1547(E),26-03-2024
215,Cyclophosphamide,Tablet 50mg,1 Tablet,3.79,1547(E),26-03-2024
216,Cycloserine,Capsule250mg,1 Capsule,60.22,1547(E),26-03-2024
217,Cycloserine,Tablet 250mg,1 Tablet,46.81,1547(E),26-03-2024
218,Cyclosporine,Capsule 25 mg,1 Capsule,28.53,1547(E),26-03-2024
219,Cyclosporine,Oral liquid 100mg/mL(p),1 ML,81.98,1547(E),26-03-2024
220,Cyclosporine,Capsule 50 mg,1 Capsule,56.07,1547(E),26-03-2024
221,Cyclosporine,Capsule 100mg,1 Capsule,104.91,1547(E),26-03-2024
222,Cytosine arabinoside,Injection 1000mg/vial,1 Vial,1150.00,1547(E),26-03-2024
223,Cytosine arabinoside,Injection 100mg/vial,1 Vial,142.02,1547(E),26-03-2024
224,Cytosine arabinoside,Injection 500mg/vial,1 Vial,545.66,1547(E),26-03-2024
225,Dabigatran,Capsule 110mg,1 Capsule,32.36,1547(E),26-03-2024
226,Dabigatran,Capsule 150mg,1 Capsule,36.21,1547(E),26-03-2024
227,Dacarbazine,Powder for Injection 200mg,1 Vial,388.39,1547(E),26-03-2024
228,Dacarbazine,Powder for Injection 500mg,1 Vial,527.86,1547(E),26-03-2024
229,Daclatasvir,Tablet 60mg,1 Tablet,203.45,1547(E),26-03-2024
230,Dapsone,Tablet 100 mg,1 Tablet,0.42,1547(E),26-03-2024
231,Darunavir,Tablet 600mg,1 Tablet,157.13,1547(E),26-03-2024
232,Darunavir (A) +Ritonavir (B),Tablet 600mg (A) + 100mg (B),1 Tablet,149.01,1547(E),26-03-2024
233,Desferrioxamine,Powder for Injection 500mg,1 Vial,287.90,4498(E),14-10-2024
234,Dexamethasone,Tablet 0.5mg,1 Tablet,0.22,1547(E),26-03-2024
235,Dexamethasone,Tablet 4 mg,1 Tablet,4.70,1547(E),26-03-2024
236,Dexamethasone,Injection 4mg/mL (2 ML),1 ML,5.18,1547(E),26-03-2024
237,Dexamethasone,Injection 4mg/mL (5 ML),1 ML,2.61,1547(E),26-03-2024
238,Dexamethasone,Injection 4mg/mL (Pack of 10ML),1 ML,1.60,1547(E),26-03-2024
239,Dexamethasone,Injection 4mg/mL (Pack of 20 ML),1 ML,1.37,1547(E),26-03-2024
240,Dexamethasone,Injection 4mg/mL (Pack of 30ML),1 ML,0.92,1547(E),26-03-2024
241,Diazepam,Tablet 5 mg,1 Tablet,1.66,1547(E),26-03-2024
242,Diazepam,Injection 5mg/mL,1 ML,5.64,1547(E),26-03-2024
243,Diazepam,Tablet 2 mg,1 Tablet,1.47,1547(E),26-03-2024
244,Diazepam,Suppository 5mg,1 Suppository,6.30,1547(E),26-03-2024
245,Diclofenac,Tablet 50mg,1 Tablet,2.09,1547(E),26-03-2024
246,Diclofenac,Injection 25mg/mL,1 ML,1.72,1547(E),26-03-2024
247,Dicyclomine,Injection 10mg/mL (Less than 10ML,1 ML,3.38,1547(E),26-03-2024
248,Dicyclomine,Injection 10mg/mL (10 ML & more pack)),1 ML,2.14,1547(E),26-03-2024
249,Diethylcarbamazine (DEC),Tablet 100mg,1 Tablet,1.70,1547(E),26-03-2024
250,Diethylcarbamazine (DEC),Tablet 50mg,1 Tablet,0.57,1547(E),26-03-2024
251,Diethylcarbamazine (DEC),Oral liquid 120mg/5mL(p),1 ML,0.49,1547(E),26-03-2024
252,Digoxin,Tablet 0.25mg,1 Tablet,1.35,1547(E),26-03-2024
253,Digoxin,Oral liquid 0.05mg/mL,1 ML,1.50,1547(E),26-03-2024
254,Digoxin,Injection 0.25mg/mL,1 ML,3.94,1547(E),26-03-2024
255,Diltiazem,Tablet 60mg,1 Tablet,5.56,1547(E),26-03-2024
256,Diltiazem,Tablet 30mg,1 Tablet,2.73,1547(E),26-03-2024
257,Diltiazem,Injection 5mg/mL,1 ML,3.56,1547(E),26-03-2024
258,Dinoprostone,Gel 0.5mg,1 GM,86.19,1547(E),26-03-2024
259,Disposable Pen containing Insulin Glargine,Injection 100 IU/ml,1 ML,248.39,1547(E),26-03-2024
260,Dobutamine,Injection 50 mg/ml,1 ML,9.19,1547(E),26-03-2024
261,Docetaxel,Powder for Injection 20mg,1 Vial,2918.31,1547(E),26-03-2024
262,Docetaxel,Powder for Injection 80mg,1 Vial,10513.53,1547(E),26-03-2024
263,Dolutegravir,Tablet 50mg,1 Tablet,114.75,1547(E),26-03-2024
264,Domperidone,Tablet 10mg,1 Tablet,2.35,1547(E),26-03-2024
265,Domperidone,Oral Liquid 1mg/mL,1 ML,1.26,1547(E),26-03-2024
266,Donepezil,Tablet 10mg,1 Tablet,17.76,1547(E),26-03-2024
267,Donepezil,Tablet 5mg,1 Tablet,12.32,1547(E),26-03-2024
268,Dopamine,Injection 40mg/mL,1 ML,4.85,1547(E),26-03-2024
269,Doxorubicin,Injection 2mg/mL,1 ML,32.30,1547(E),26-03-2024
270,Doxycycline,Capsule 100mg,1 Capsule,3.13,1547(E),26-03-2024
271,Doxycycline,Tablet100mg,1 Tablet,1.24,1547(E),26-03-2024
272,Doxycycline,Powder for Injection 100 mg,1 Vial,511.39,1547(E),26-03-2024
273,D-Penicillamine,Capsule 250 mg,1 Capsule,15.92,1547(E),26-03-2024
274,DPT+ Hib+ Hep B Vaccine,As licensed,Per 0.1 ML,76.97,1547(E),26-03-2024
275,Efavirenz,Tablet 600mg,1 Tablet,71.82,1547(E),26-03-2024
276,Efavirenz,Tablet 200 mg (p),1 Tablet,22.93,1547(E),26-03-2024
277,Efavirenz,Capsule 200 mg,1 Capsule,22.36,1547(E),26-03-2024
278,Enalapril,Tablet 5mg,1 Tablet,3.76,1547(E),26-03-2024
279,Enalapril,Tablet 2.5mg,1 Tablet,2.23,1547(E),26-03-2024
280,Enoxaparin,Injection,Per 0.10 ML,113.94,1547(E),26-03-2024
281,Entecavir,Tablet 1mg,1 Tablet,132.51,1547(E),26-03-2024
282,Entecavir,Tablet 0.5mg,1 Tablet,85.91,1547(E),26-03-2024
283,Erythropoietin,Injection 2000IU/mL,1 ML,559.14,1547(E),26-03-2024
284,Erythropoietin,Injection 10000 IU/mL,1 ML,2003.38,1547(E),26-03-2024
285,Escitalopram,Tablet 5mg,1 Tablet,5.11,1547(E),26-03-2024
286,Escitalopram,Tablet 10mg,1 Tablet,9.16,1547(E),26-03-2024
287,Escitalopram,Tablet 20mg,1 Tablet,14.61,1547(E),26-03-2024
288,Esmolol,Injection10 mg/mL,1 ML,26.84,1547(E),26-03-2024
289,Ethambutol,Tablet 600mg,1 Tablet,4.15,1547(E),26-03-2024
290,Ethambutol,Tablet 800mg,1 Tablet,5.05,1547(E),26-03-2024
291,Ethambutol,Tablet 400mg,1 Tablet,2.66,1547(E),26-03-2024
292,Ethambutol,Tablet 200mg,1 Tablet,1.16,1547(E),26-03-2024
293,Ethinylestradiol (A)+ Levonorgestrel (B),Tablet 0.03mg(A) + Tablet 0.15mg(B),1 Tablet,3.23,1547(E),26-03-2024
294,Ethionamide,Tablet 250mg,1 Tablet,15.07,1547(E),26-03-2024
295,Etoposide,Capsule 50mg,1 Capsule,57.62,1547(E),26-03-2024
296,Etoposide,Injection 20mg/mL,1 ML,35.11,1547(E),26-03-2024
297,Fentanyl,Injection 50mcg/ml,1 ML,21.32,1547(E),26-03-2024
298,Filgrastim,Injection 300mcg,1 Vial,1180.16,1547(E),26-03-2024
299,Fluconazole,Tablet 400mg,1 Tablet,30.27,1547(E),26-03-2024
300,Fluconazole,Tablet 200mg,1 Tablet,17.76,1547(E),26-03-2024
301,Fluconazole,Tablet 100mg,1 Tablet,7.75,1547(E),26-03-2024
302,Fluconazole,Tablet 150mg,1 Tablet,12.27,1547(E),26-03-2024
303,Fluconazole,Tablet 50mg,1 Tablet,9.85,1547(E),26-03-2024
304,Fluconazole,Capsule 200mg,1 Capsule,40.81,1547(E),26-03-2024
305,Fluconazole,Capsule 150mg,1 Capsule,19.55,1547(E),26-03-2024
306,Fluconazole,Injection 200mg/100mL,Per 100 ML Vial,93.94,1547(E),26-03-2024
307,Fluconazole,Capsule 100mg,1 Capsule,21.77,1547(E),26-03-2024
308,Fludrocortisone,Tablet 0.1mg,1 Tablet,13.43,1547(E),26-03-2024
309,Flunarizine,Tablet 5mg,1 Tablet,2.52,1547(E),26-03-2024
310,Flunarizine,Tablet 10mg,1 Tablet,4.90,1547(E),26-03-2024
311,Fluoxetine,Capsule 20 mg,1 Capsule,4.06,1547(E),26-03-2024
312,Fluoxetine,Capsule 60 mg,1 Capsule,11.29,1547(E),26-03-2024
313,Fluoxetine,Capsule 40 mg,1 Capsule,6.60,1547(E),26-03-2024
314,Fluoxetine,Capsule 10 mg,1 Capsule,3.38,1547(E),26-03-2024
315,Fluoxetine,Tablet 10 mg,1 Tablet,2.83,1547(E),26-03-2024
316,Fluoxetine,Tablet 40 mg,1 Tablet,5.66,1547(E),26-03-2024
317,Fluoxetine,Tablet 60 mg,1 Tablet,8.39,1547(E),26-03-2024
318,Fluoxetine,Tablet 20 mg,1 Tablet,4.22,1547(E),26-03-2024
319,Fluphenazine,Injection 25mg/mL,1 ML,56.22,1547(E),26-03-2024
320,Folic Acid,Tablet 5 mg,1 Tablet,1.54,1547(E),26-03-2024
321,Folic Acid,Capsule 5 mg,1 Capsule,5.13,1547(E),26-03-2024
322,Framycetin,Cream 1 %,1 GM,1.69,1547(E),26-03-2024
323,Furosemide,Tablet 40mg,1 Tablet,0.93,1547(E),26-03-2024
324,Furosemide,Injection 10mg/mL,1 ML,3.04,1547(E),26-03-2024
325,Furosemide,Oral liquid 10mg/mL,1 ML,3.38,1547(E),26-03-2024
326,Fusidic acid,Cream 2 %,1 GM,10.00,1547(E),26-03-2024
327,Gefitinib,Tablet 250mg,1 Tablet,241.27,1547(E),26-03-2024
328,Gemcitabine,Powder for Injection 1000mg,1 Vial,5689.88,1547(E),26-03-2024
329,Gemcitabine,Powder for Injection 200 mg,1 Vial,1322.42,1547(E),26-03-2024
330,Gentamicin,Injection 40mg/mL (1.5 ml),1 ML,2.95,1547(E),26-03-2024
331,Gentamicin,Injection 10mg/mL,1 ML,2.45,1547(E),26-03-2024
332,Gentamicin,Injection 40mg/mL (Pack of 10ml),1 ML,1.54,1547(E),26-03-2024
333,Gentamicin,Injection 40mg/mL (Pack of 20ml),1 ML,1.58,1547(E),26-03-2024
334,Gentamicin,Injection 40mg/mL Pack of 30ml),1 ML,1.25,1547(E),26-03-2024
335,Gentamicin,Injection 40mg/mL (2ml),1 ML,4.93,1547(E),26-03-2024
336,Glimepiride,Tablet 2mg,1 Tablet,5.90,1547(E),26-03-2024
337,Glimepiride,Tablet 1mg,1 Tablet,3.76,1547(E),26-03-2024
338,Glucose,Injection 25%,1 ML,0.20,1547(E),26-03-2024
339,Glycerin/glycerol (as mentioned in IP),Topical - Lotion,1 ML,1.25,1547(E),26-03-2024
340,Glycerin/glycerol (as mentioned in IP),Topical - Cream,1 GM,2.41,1547(E),26-03-2024
341,Glyceryl trinitrate,Injection 5mg/mL,1 ML,6.30,1547(E),26-03-2024
342,Glyceryl trinitrate,Sublingual Tablet 0.5mg,1 Tablet,1.29,1547(E),26-03-2024
343,Glycopyrrolate,Injection 0.2mg/mL,1 ML,14.78,1547(E),26-03-2024
344,Griseofulvin,Tablet 250mg,1 Tablet,1.80,1547(E),26-03-2024
345,Haloperidol,Tablet 5mg,1 Tablet,3.63,1547(E),26-03-2024
346,Haloperidol,Tablet 10mg,1 Tablet,4.86,1547(E),26-03-2024
347,Haloperidol,Oral liquid 2mg/5mL,1 ML,2.28,1547(E),26-03-2024
348,Haloperidol,Injection 5mg/mL,1 ML,6.62,1547(E),26-03-2024
349,Haloperidol,Tablet 20mg,1 Tablet,5.45,1547(E),26-03-2024
350,Haloperidol,Tablet 1.5mg,1 Tablet,1.61,1547(E),26-03-2024
351,Halothane,Liquid for inhalation,1 ML,6.21,1547(E),26-03-2024
352,Heparin,Injection 1000IU/mL,1 ML,21.58,1547(E),26-03-2024
353,Heparin,Injection 5000IU/mL,1 ML,61.00,1547(E),26-03-2024
354,Hepatitis B immunoglobulin,As Licensed,1 Vial,5594.39,1547(E),26-03-2024
355,Hepatitis B vaccine,As Licensed,1 ML,80.19,1547(E),26-03-2024
356,Homatropine,Drops 2%,1 ML,6.51,1547(E),26-03-2024
357,Hormone Releasing IUD,Contains 52 mg of Levonorgestrel,1 IUD,4174.94,1547(E),26-03-2024
358,Human chorionic gonado tropin,Injection 5000 IU,1 Vial,424.74,1547(E),26-03-2024
359,Human chorionic gonado tropin,Injection10000IU,1 Vial,944.46,1547(E),26-03-2024
360,Human chorionic gonado tropin,Injection2000 IU,1 Vial,349.64,1547(E),26-03-2024
361,Hydrochlorothiazide,Tablet 25 mg,1 Tablet,1.78,1547(E),26-03-2024
362,Hydrochlorothiazide,Tablet 12.5mg,1 Tablet,1.06,1547(E),26-03-2024
363,Hydrocortisone,Powder for Injection 100mg,1 Vial,45.57,1547(E),26-03-2024
364,Hydrocortisone,Tablet 10mg,1 Tablet,6.82,1547(E),26-03-2024
365,Hydrocortisone,Powder for Injection 200mg,1 Vial,66.74,1547(E),26-03-2024
366,Hydrocortisone,Tablet 5mg,1 Tablet,3.17,1547(E),26-03-2024
367,Hydrocortisone,Tablet 20mg,1 Tablet,15.15,1547(E),26-03-2024
368,Hydroxy propylmethyl cellulose,Injection 2%,1 ML,29.72,1547(E),26-03-2024
369,Hydroxychloroquine,Tablet 400mg,1 Tablet,14.04,1547(E),26-03-2024
370,Hydroxychloroquine,Tablet 200mg,1 Tablet,6.47,1547(E),26-03-2024
371,Hydroxyurea,Capsule 500mg,1 Capsule,12.33,1547(E),26-03-2024
372,Hyoscine butylbromide,Injection 20 mg/ml,1 ML,11.44,1547(E),26-03-2024
373,Ibuprofen,Tablet 200mg,1 Tablet,0.72,1547(E),26-03-2024
374,Ibuprofen,Tablet 400mg,1 Tablet,1.22,1547(E),26-03-2024
375,Ibuprofen,Oral liquid 100mg/5mL(p),1 ML,0.22,1547(E),26-03-2024
376,Ifosfamide,Powder for Injection 2000mg,1 Vial,654.35,1547(E),26-03-2024
377,Ifosfamide,Powder for Injection 1000mg,1 Vial,324.51,1547(E),26-03-2024
378,Imatinib,Tablet 100mg,1 Tablet,70.96,1547(E),26-03-2024
379,Imatinib,Tablet 400mg,1 Tablet,203.09,1547(E),26-03-2024
380,Imatinib,Capsule 100mg,1 Capsule,74.76,1547(E),26-03-2024
381,Insulin (Soluble),Injection 40 IU/ml,1 ml,17.29,1547(E),26-03-2024
382,Insulin Glargine,Injection 100 IU/ml,1 ML,207.00,1547(E),26-03-2024
383,Insulin Intermediate Acting (NPH),Injection 40IU/mL,1 ML,17.29,1547(E),26-03-2024
384,Iohexol,Injection 300mg iodine/mL,1 ML,17.19,1547(E),26-03-2024
385,Iohexol,Injection 350mg iodine/mL,1 ML,14.49,1547(E),26-03-2024
386,Irinotecan HCltrihydrate,Solution for injection 20mg/mL,1 ML,981.68,1547(E),26-03-2024
387,Iron sucrose,Injection 20mg/mL,1 ML,58.41,1547(E),26-03-2024
388,Isoflurane,Liquid for inhalation,1 ML,9.82,1547(E),26-03-2024
389,Isoniazid,Tablet 300mg,1 Tablet,1.31,1547(E),26-03-2024
390,Isoniazid,Tablet 100mg,1 Tablet,0.74,1993(E),15-05-2024
391,Isosorbide dinitrate,Tablet 5mg,1 Tablet,0.83,1547(E),26-03-2024
392,Isosorbide dinitrate,Tablet 10mg,1 Tablet,0.82,1547(E),26-03-2024
393,Ispaghula,Granules/Husk/Powde r,1 GM,0.96,1547(E),26-03-2024
394,Itraconazole,Oral liquid 10mg/mL,1 ML,5.03,1547(E),26-03-2024
395,Itraconazole,Capsule 100mg,1 Capsule,16.96,1547(E),26-03-2024
396,Itraconazole,Capsule 200mg,1 Capsule,22.50,1547(E),26-03-2024
397,IUD containing Copper,As licensed,1 IUD,285.91,1547(E),26-03-2024
398,Ivermectin,Tablet 6 mg,1 Tablet,21.96,1547(E),26-03-2024
399,Ivermectin,Tablet 12 mg,1 Tablet,38.02,1547(E),26-03-2024
400,Japanese encephalitis vaccine,As licensed (4mcg to 6 mcg),1 Vial,688.95,1547(E),26-03-2024
401,Japanese encephalitis vaccine,As licensed (upto 3 mcg),1 Vial,527.69,1547(E),26-03-2024
402,Ketamine,Injection 50mg/mL,1 ML,12.33,1547(E),26-03-2024
403,Labetalol,Injection 5mg/mL,1 ML,50.85,1547(E),26-03-2024
404,Labetalol,Tablet 100 mg,1 Tablet,15.42,1547(E),26-03-2024
405,Lactulose,Oral liquid 10 g/15mL,1 ML,1.25,1547(E),26-03-2024
406,Lamivudine,Tablet 100mg,1 Tablet,11.26,3216(E),08-08-2024
407,Lamivudine,Tablet 150mg,1 Tablet,11.05,1547(E),26-03-2024
408,L-Asparaginase,Powder for Injection 5000 KU,1 Vial,1052.89,1547(E),26-03-2024
409,L-Asparaginase,Powder for Injection 10000KU,1 Vial,1737.46,1547(E),26-03-2024
410,Latanoprost,Drops 0.005%,1 ML,236.63,1547(E),26-03-2024
411,Lenalidomide,Capsule 5mg,1 Capsule,68.42,1547(E),26-03-2024
412,Lenalidomide,Capsule 25 mg,1 Capsule,297.37,1547(E),26-03-2024
413,Letrozole,Tablet 2.5mg,1 Tablet,29.83,1547(E),26-03-2024
414,Leuprolide acetate,Powder for injection 22.5 mg,1 Vial,17378.77,1547(E),26-03-2024
415,Leuprolide acetate,Powder for injection 11.25mg,1 Vial,9456.23,1547(E),26-03-2024
416,Leuprolide acetate,Powder for injection 3.75 mg,1 Vial,3166.84,1547(E),26-03-2024
417,Levetiracetam,Tablet 250mg,1 Tablet,6.41,1547(E),26-03-2024
418,Levetiracetam,Tablet 500mg,1 Tablet,13.21,1547(E),26-03-2024
419,Levetiracetam,Modified Release Tablet 750mg,1 Tablet,18.62,1547(E),26-03-2024
420,Levetiracetam,Tablet 750mg,1 Tablet,19.68,1547(E),26-03-2024
421,Levetiracetam,Oral liquid 100 mg/mL (p),1 ML,4.04,1547(E),26-03-2024
422,Levetiracetam,Injection 100mg/mL,1 ML,23.42,1547(E),26-03-2024
423,Levodopa (A) + Carbidopa (B),Modified Release3 Tablet 200mg (A) + 50mg (B),1 Tablet,4.81,1547(E),26-03-2024
424,Levodopa (A) +Carbidopa(B),Tablet 100 mg (A) + 25 mg (B),1 Tablet,2.62,1547(E),26-03-2024
425,Levodopa (A) +Carbidopa(B),Tablet 100 mg (A) + 10 mg (B),1 Tablet,1.79,1547(E),26-03-2024
426,Levodopa (A) +Carbidopa(B),Tablet 250mg(A) +25mg(B),1 Tablet,4.50,1547(E),26-03-2024
427,Levodopa (A) +Carbidopa(B),Modified Release3 Tablet 100 mg (A) + 25 mg (B),1 Tablet,2.84,1547(E),26-03-2024
428,Levofloxacin,Tablet 750mg,1 Tablet,12.67,1547(E),26-03-2024
429,Levofloxacin,Tablet 250mg,1 Tablet,4.90,1547(E),26-03-2024
430,Levofloxacin,Tablet 500mg,1 Tablet,9.15,1547(E),26-03-2024
431,Levonorgestrel,Tablet 1.5mg,1 Tablet,76.66,1547(E),26-03-2024
432,Levothyroxine,Tablet 50mcg,1 Tablet,1.05,1547(E),26-03-2024
433,Levothyroxine,Tablet 75mcg,1 Tablet,1.47,1547(E),26-03-2024
434,Levothyroxine,Tablet 88 mcg,1 Tablet,1.68,1547(E),26-03-2024
435,Levothyroxine,Tablet 112 mcg,1 Tablet,1.69,1547(E),26-03-2024
436,Levothyroxine,Tablet 25 mcg,1 Tablet,1.48,1547(E),26-03-2024
437,Levothyroxine,Tablet 62.5mcg,1 Tablet,1.64,1547(E),26-03-2024
438,Levothyroxine,Tablet 12.5mcg,1 Tablet,1.51,1547(E),26-03-2024
439,Levothyroxine,Tablet 100mcg,1 Tablet,1.34,1547(E),26-03-2024
440,Levothyroxine,Tablet 125mcg,1 Tablet,1.72,1547(E),26-03-2024
441,Levothyroxine,Tablet 150 mcg,1 Tablet,1.73,1547(E),26-03-2024
442,Lignocaine,Topical forms 2-5 %,1 GM/ML,1.10,5498(E),19-12-2024
443,Lignocaine,Injection 2%,1 ML,1.16,5498(E),19-12-2024
444,Lignocaine,Injection 1%,1 ML,9.02,1547(E),26-03-2024
445,Lignocaine,Injection 5% with 7.5% glucose,1 ML,3.56,1547(E),26-03-2024
446,Lignocaine (A) +Adrenaline(B),Injection2%(A)+1:200 000(5 mcg/mL)(B),1 ML,1.07,1547(E),26-03-2024
447,Linezolid,Tablet 600mg,1 Tablet,36.29,1547(E),26-03-2024
448,Linezolid,Tablet 300 mg,1 Tablet,23.04,1547(E),26-03-2024
449,Lithium,Tablet 300mg,1 Tablet,2.49,4498(E),14-10-2024
450,Loperamide,Tablet 2mg,1 Tablet,2.32,1547(E),26-03-2024
451,Loperamide,Capsule 2mg,1 Capsule,3.86,1547(E),26-03-2024
452,Lopinavir (A) + Ritonavir(B),Tablet 200 mg (A) + 50mg (B),1 Tablet,48.80,1547(E),26-03-2024
453,Lorazepam,Tablet 1 mg,1 Tablet,2.35,1547(E),26-03-2024
454,Lorazepam,Tablet 2 mg,1 Tablet,2.86,1547(E),26-03-2024
455,Lorazepam,Injection 2mg/mL,1 ML,8.24,1547(E),26-03-2024
456,Magnesium sulphate,Injection 500mg/mL,1 ML,4.95,1547(E),26-03-2024
457,Mannitol,Injection 20 %,1 ML,0.36,1547(E),26-03-2024
458,Mannitol,Injection 10 %,1 ML,0.19,1547(E),26-03-2024
459,Measles Rubella vaccine,As licensed,Each Vial of 0.5 ML,72.43,5497(E),19-12-2024
460,Measles vaccine,As licensed,Each Vial of 0.5 ML,51.07,5497(E),19-12-2024
461,Mebendazole,Tablet 100 mg,1 Tablet,2.95,1547(E),26-03-2024
462,Mebendazole,Oral liquid 100mg/5mL(p),1 ML,0.85,1547(E),26-03-2024
463,Medroxyprogesteron e acetate,Tablet 10 mg,1 Tablet,6.36,1547(E),26-03-2024
464,Medroxyprogesteron e acetate,Injection 150mg/mL,1 ML,294.81,1547(E),26-03-2024
465,Mefenamic acid,Oral liquid 100mg/5mL(p),1 ML,0.57,1547(E),26-03-2024
466,Mefenamic acid,Tablet 250 mg,1 Tablet,2.15,1547(E),26-03-2024
467,Mefloquine,Tablet 250 mg,1 Tablet,53.07,1547(E),26-03-2024
468,Meglumine diatrizoate,Injection 60%w/v,1 ML,9.63,1547(E),26-03-2024
469,Meglumine diatrizoate,Injection 76%w/v,1 ML,10.38,1547(E),26-03-2024
470,Melphalan,Tablet 2 mg,1 Tablet,92.93,1547(E),26-03-2024
471,Melphalan,Tablet 5 mg,1 Tablet,87.54,1547(E),26-03-2024
472,Meropenem,Powder for Injection 500 mg (as trihydrate),1 Vial,735.60,1547(E),26-03-2024
473,Meropenem,Powder for Injection1000mg (as trihydrate),1 Vial,969.32,1547(E),26-03-2024
474,Mesna,Injection 100mg/mL,1 ML,15.78,1547(E),26-03-2024
475,Metformin,Tablet 1000mg,1 Tablet,3.55,1547(E),26-03-2024
476,Metformin,Tablet 500mg,1 Tablet,2.06,1547(E),26-03-2024
477,Metformin,Modified release Tablet 1000mg,1 Tablet,4.12,1547(E),26-03-2024
478,Methotrexate,Tablet 10mg,1 tablet,13.52,1547(E),26-03-2024
479,Methotrexate,Tablet 2.5mg,1 tablet,5.40,1547(E),26-03-2024
480,Methotrexate,Tablet 5mg,1 Tablet,9.59,1547(E),26-03-2024
481,Methylergometrine,Tablet 0.125mg,1 Tablet,9.10,1547(E),26-03-2024
482,Methylergometrine,Injection 0.2mg/mL,1 ML,15.21,1547(E),26-03-2024
483,Methylprednisolone,Injection 40mg/mL,1 ML,46.46,1547(E),26-03-2024
484,Metoclopramide,Tablet 10mg,1 Tablet,1.37,1547(E),26-03-2024
485,Metoclopramide,Injection 5mg/mL (Less than 10ML Pack),1 ML,2.72,1547(E),26-03-2024
486,Metoclopramide,Injection 5mg/mL (10 ML & More Pack),1 ML,1.66,1547(E),26-03-2024
487,Metoclopramide,Oral liquid 5mg/5mL(p),1 ML,0.51,1547(E),26-03-2024
488,Metoprolol,Tablet 25mg,1 Tablet,4.32,3216(E),08-08-2024
489,Metoprolol,Tablet 50mg,1 Tablet,5.94,1547(E),26-03-2024
490,Metoprolol,Modified Release Tablet 100 mg,1 Tablet,15.25,1547(E),26-03-2024
491,Metoprolol,Tablet 100 mg,1 Tablet,11.32,1547(E),26-03-2024
492,Metoprolol,Capsule 25mg,1 Capsule,4.21,1547(E),26-03-2024
493,Metoprolol,Capsule 50mg,1 Capsule,5.92,1547(E),26-03-2024
494,Metoprolol,Injection 1mg/ML,1 ML,3.46,1547(E),26-03-2024
495,Metronidazole,Tablet 200mg,1 Tablet,0.83,1547(E),26-03-2024
496,Metronidazole,Tablet 400mg,1 Tablet,1.55,1547(E),26-03-2024
497,Metronidazole,Injection 500mg/100mL,1 ML,0.21,1547(E),26-03-2024
498,Metronidazole,Oral liquid 200mg/5mL(p),1 ML,0.53,1547(E),26-03-2024
499,Midazolam,Nasal Spray 1.25mg/ actuation,1 ML,220.59,1547(E),26-03-2024
500,Midazolam,Nasal Spray 0.5 mg/actuation,1 ML,81.32,1547(E),26-03-2024
501,Midazolam,Injection 1mg/mL,1 ML,6.02,1547(E),26-03-2024
502,Midazolam,Injection 5mg/mL,1 ML,11.07,1547(E),26-03-2024
503,Mifepristone,Tablet 200mg,1 Tablet,357.03,1547(E),26-03-2024
504,Misoprostol,Tablet 200mcg,1 Tablet,19.30,1547(E),26-03-2024
505,Misoprostol,Tablet 100mcg,1 Tablet,10.09,1547(E),26-03-2024
506,Montelukast,Tablet 4 mg,1 Tablet,10.41,3216(E),08-08-2024
507,Montelukast,Tablet 10 mg,1 Tablet,16.73,1547(E),26-03-2024
508,Montelukast,Tablet 5 mg (including chewable Tablets),1 Tablet,12.22,1550(E),26-03-2024
509,Morphine,Injection 10mg/mL,1 ML,19.94,1547(E),26-03-2024
510,Morphine,Injection 15mg/mL,1 ML,15.19,1547(E),26-03-2024
511,Moxifloxacin,Tablet 400mg,1 Tablet,26.27,1547(E),26-03-2024
512,Mupirocin,Ointment 2%,1 GM,20.64,1547(E),26-03-2024
513,Mycophenolate mofetil,Tablet 250mg,1 Tablet,50.46,1547(E),26-03-2024
514,Mycophenolate mofetil,Tablet 500mg,1 Tablet,75.89,1550(E),26-03-2024
515,N-acetylcysteine,Injection 200 mg/mL,1 ML,24.05,1547(E),26-03-2024
516,Naloxone,Injection 0.4mg/mL,1 ML,94.34,1547(E),26-03-2024
517,Natamycin,Drops 5%,1 ML,23.79,1547(E),26-03-2024
518,Neostigmine,Injection 0.5mg/mL,1 ML,5.10,1547(E),26-03-2024
519,Neostigmine,Tablet 15mg,1 Tablet,4.67,1547(E),26-03-2024
520,Nevirapine,Tablet 200 mg,1 Tablet,16.07,1547(E),26-03-2024
521,Nicotine (for nicotine replacement therapy),Lozenge 2mg,1 Lozenges,8.06,1547(E),26-03-2024
522,Nicotine (for nicotine replacement therapy),Gum 2 mg,1 Gum,8.74,1547(E),26-03-2024
523,Nicotine (for nicotine replacement therapy),Gum 4 mg,1 Gum,10.83,1547(E),26-03-2024
524,Nicotine (for nicotine replacement therapy),Lozenge 4mg,1 Lozenges,9.92,1547(E),26-03-2024
525,Nicotine (for nicotine replacement therapy),Oral Dosage forms 2mg Pastille,1 Pastille,7.24,1547(E),26-03-2024
526,Nicotine (for nicotine replacement therapy),Oral Dosage forms 4mg Pastille,1 Pastille,7.97,1547(E),26-03-2024
527,Nifedipine,Tablet 10mg,1 Tablet,1.57,1547(E),26-03-2024
528,Nifedipine,Capsule10mg,1 Capsule,0.97,1547(E),26-03-2024
529,Nitrofurantoin,Tablet 100 mg,1 Tablet,8.25,1547(E),26-03-2024
530,Nitrofurantoin,Capsule 100 mg,1 Capsule,8.79,1547(E),26-03-2024
531,Nitrofurantoin,Oral liquid 25mg/5mL(p),1 ML,0.91,1547(E),26-03-2024
532,Nitrous oxide,As licensed for medical purpose,1 Cubic Meter,290.96,1547(E),26-03-2024
533,Noradrenaline,Injection 2mg/mL,1 ML,20.52,1547(E),26-03-2024
534,Norethisterone,Tablet 5mg,1 Tablet,5.48,1547(E),26-03-2024
535,Omeprazole,Capsule 20 mg,1 Capsule,2.92,1547(E),26-03-2024
536,Omeprazole,Tablet 20 mg,1 Tablet,4.42,1547(E),26-03-2024
537,Omeprazole,Capsule 10 mg,1 Capsule,2.45,1547(E),26-03-2024
538,Omeprazole,Powder for oral liquid 20mg,1 GM,1.54,1547(E),26-03-2024
539,Omeprazole,Tablet 40 mg,1 Tablet,8.60,1547(E),26-03-2024
540,Omeprazole,Capsule 40 mg,1 Capsule,5.77,1547(E),26-03-2024
541,Ondansetron,Tablet 4 mg,1 Tablet,5.23,1547(E),26-03-2024
542,Ondansetron,Oral liquid 2mg/5mL(p),1 ML,1.28,1547(E),26-03-2024
543,Ondansetron,Injection 2mg/mL,1 ML,6.06,1547(E),26-03-2024
544,Ondansetron,Tablet 8 mg,1 Tablet,9.22,1547(E),26-03-2024
545,Oral rehydration salts,As licensed,1 ML,0.15,1547(E),26-03-2024
546,Oral Rehydration Salts,As Licensed,1 GM,1.01,1992(E),15-05-2024
547,Ormeloxifene (Centchroman),Tablet 30mg,1 Tablet,8.59,1547(E),26-03-2024
548,Oxaliplatin,Injection 5 mg/mL in 10 mL vial,1 Vial,2272.83,1547(E),26-03-2024
549,Oxaliplatin,Injection 100mg(as licensed),1 Vial,5066.34,1992(E),15-05-2024
550,Oxygen 3 Liquid Medical Oxygen,As licensed for medical purpose,1 Cubic Meter,17.32,1547(E),26-03-2024
551,Oxygen (in cylinder),As licensed for medical purpose,1 Cubic Meter,29.33,1547(E),26-03-2024
552,Oxytocin,Injection 5 IU/mL,1 ML,18.15,1547(E),26-03-2024
553,Oxytocin,Injection 10IU/mL,1 ML,40.56,1547(E),26-03-2024
554,Paclitaxel,"Injection 30 mg/5 mL, injection 100 mg/16.7 ml",1 ML,219.19,1547(E),26-03-2024
555,Pantoprazole,Injection 40 mg,1 Vial,51.33,1547(E),26-03-2024
556,Paracetamol,Tablet 650mg,1 Tablet,2.04,1547(E),26-03-2024
557,Paracetamol,Oral Liquid 125 mg/5 mL (p),1 ML,0.38,1547(E),26-03-2024
558,Paracetamol,Oral Liquid 250 mg/5 mL (p),1 ML,0.68,1547(E),26-03-2024
559,Paracetamol,Oral liquid 120 mg/5 mL (p),1 ML,0.62,1547(E),26-03-2024
560,Paracetamol,Tablet 500mg,1 Tablet,0.92,1547(E),26-03-2024
561,Paracetamol,Suppository 80mg,1 Suppository,6.78,1547(E),26-03-2024
562,Paracetamol,Suppository 170mg,1 Suppository,8.09,1547(E),26-03-2024
563,Paracetamol,Injection 150mg/mL (2ML),1 ML,4.04,1547(E),26-03-2024
564,Paracetamol,Injection150mg/mL (100 ML),1 ML,1.63,1547(E),26-03-2024
565,Permethrin,Cream 5%,1 GM,1.88,1547(E),26-03-2024
566,Permethrin,Lotion 1%,1 ML,1.02,1547(E),26-03-2024
567,Permethrin,Cream 1%,1 GM,1.53,1547(E),26-03-2024
568,Permethrin,Lotion 5%,1 ML/GM,1.02,1547(E),26-03-2024
569,Permethrin,Gel 5%,1 GM,1.33,1547(E),26-03-2024
570,Pheniramine,Injection 22.75mg/mL (2ml),1 ML,2.81,1547(E),26-03-2024
571,Pheniramine,Injection 22.75mg/mL (10ml),1 ML,2.10,1547(E),26-03-2024
572,Phenobarbitone,Tablet 30mg,1 Tablet,1.33,1547(E),26-03-2024
573,Phenobarbitone,Tablet 60mg,1 Tablet,1.92,1547(E),26-03-2024
574,Phenobarbitone,Injection 200mg/mL,1 ML,22.53,1547(E),26-03-2024
575,Phenobarbitone,Oral liquid 20mg/5mL,1 ML,0.50,1547(E),26-03-2024
576,Phenytoin,Tablet 300mg,1 Tablet,5.58,1547(E),26-03-2024
577,Phenytoin,Injection 50mg/mL,1 ML,6.05,1547(E),26-03-2024
578,Phenytoin,Modified Release Tablet 300mg,1 Tablet,6.68,1547(E),26-03-2024
579,Phenytoin,Tablet 100mg,1 Tablet,1.79,1547(E),26-03-2024
580,Phenytoin,Tablet 50mg,1 Tablet,0.85,1547(E),26-03-2024
581,Phenytoin,Oral liquid 30mg/5 mL(p),1 ML,0.36,1547(E),26-03-2024
582,Phenytoin,Oral liquid 125mg/5mL(p),1 ML,1.12,1547(E),26-03-2024
583,Phenytoin,Capsule 300mg,1 Capsule,4.73,1547(E),26-03-2024
584,Phenytoin,Capsule 100mg,1 Capsule,1.86,1547(E),26-03-2024
585,Phytomenadione (Vitamin K1),Injection 10mg/mL,1 ML,54.01,1547(E),26-03-2024
586,Phytomenadione (Vitamin K1),Tablet 10mg,1 Tablet,14.79,1547(E),26-03-2024
587,Pilocarpine,Drops 2 %,1 ML,16.53,4498(E),14-10-2024
588,Piperacillin (A) +Tazobactam(B),Powder for Injection 1000mg(A)+125mg(B ),1 Vial,101.39,1547(E),26-03-2024
589,Piperacillin (A) +Tazobactam(B),Powder for Injection 2000mg(A)+250mg(B ),1 Vial,194.88,1547(E),26-03-2024
590,Piperacillin (A) +Tazobactam(B),Powder for Injection 4000mg(A)+500mg(B ),1 Vial,406.36,1547(E),26-03-2024
591,Potassium chloride,Oral liquid 500mg/5mL,1 ML,0.31,1547(E),26-03-2024
592,Potassium chloride,Injection 150mg/mL,1 ML,2.44,1547(E),26-03-2024
593,Povidone iodine,Solution 5%,1 ML,0.45,1547(E),26-03-2024
594,Povidone iodine,Solution 7.5%,1 ML,0.83,1547(E),26-03-2024
595,Povidone iodine,Solution 10%,1 ML,0.98,1547(E),26-03-2024
596,Povidone iodine,Solution 4%,1 ML,1.77,1547(E),26-03-2024
597,Pralidoxime chloride (2-PAM),Injection 25mg/mL,1 ML,4.64,1547(E),26-03-2024
598,Prednisolone,Tablet 40mg,1 Tablet,3.47,1547(E),26-03-2024
599,Prednisolone,Oral liquid 5mg/5mL(p),1 ML,0.50,1547(E),26-03-2024
600,Prednisolone,Oral liquid 15mg/5mL(p),1 ML,0.87,1547(E),26-03-2024
601,Prednisolone,Tablet 10mg,1 Tablet,1.22,1547(E),26-03-2024
602,Prednisolone,Tablet 5mg,1 Tablet,0.69,1547(E),26-03-2024
603,Prednisolone,Tablet 20mg,1 Tablet,2.44,1547(E),26-03-2024
604,Prednisolone,Drops 1%,1 ML,5.86,1547(E),26-03-2024
605,Premix Insulin 30:70 Injection,Injection 40 IU /ml,1 ml,17.29,1547(E),26-03-2024
606,Primaquine,Tablet 7.5mg,1 Tablet,2.42,1547(E),26-03-2024
607,Primaquine,Tablet 15mg,1 Tablet,5.23,1547(E),26-03-2024
608,Primaquine,Tablet 2.5mg,1 Tablet,1.78,1547(E),26-03-2024
609,Proparacaine,Eye Drops0.5%,1 ML,10.43,1547(E),26-03-2024
610,Propofol,Injection 10mg/mL,1 ML,6.61,1547(E),26-03-2024
611,Propranolol,Tablet 40mg,1 Tablet,3.28,1547(E),26-03-2024
612,Propranolol,Tablet 10mg,1 Tablet,1.33,1547(E),26-03-2024
613,Propranolol,Tablet 20mg,1 Tablet,3.26,1547(E),26-03-2024
614,Propranolol,Capsule 40mg,1 Capsule,4.32,1547(E),26-03-2024
615,Propranolol,Capsule 20 mg,1 Capsule,2.39,1547(E),26-03-2024
616,Propranolol,Capsule 10 mg,1 Capsule,2.03,1547(E),26-03-2024
617,Protamine Sulphate,Injection 10mg/mL,1 ML,9.95,1547(E),26-03-2024
618,Pyrazinamide,Tablet 1000mg,1 Tablet,10.71,1547(E),26-03-2024
619,Pyrazinamide,Tablet 500mg,1 Tablet,4.98,1547(E),26-03-2024
620,Pyrazinamide,Tablet 750mg,1 Tablet,7.34,1547(E),26-03-2024
621,Pyrazinamide,Tablet 1500mg,1 Tablet,12.02,1547(E),26-03-2024
622,Pyridoxine,Tablet 100 mg,1 Tablet,6.08,1547(E),26-03-2024
623,Pyridoxine,Tablet 10mg,1 Tablet,0.11,1547(E),26-03-2024
624,Quinine,Tablet 300 mg,1 Tablet,5.75,1547(E),26-03-2024
625,Quinine,Injection 300 mg/mL,1 ML,9.67,1547(E),26-03-2024
626,Rabies vaccine,As licensed,1 Vial,385.30,1547(E),26-03-2024
627,Raltegravir,Tablet 400mg,1 Tablet,150.37,1547(E),26-03-2024
628,Ramipril,Tablet 2.5 mg,1 Tablet,5.30,1547(E),26-03-2024
629,Ramipril,Tablet 5mg,1 Tablet,8.32,1547(E),26-03-2024
630,Ramipril,Capsule 2.5mg,1 Capsule,4.74,1547(E),26-03-2024
631,Ramipril,Capsule 5mg,1 Capsule,7.32,1547(E),26-03-2024
632,Ribavirin,Capsule 200 mg,1 Capsule,26.95,1547(E),26-03-2024
633,Rifampicin,Capsule 600mg,1 Capsule,11.56,1547(E),26-03-2024
634,Rifampicin,Capsule 450mg,1 Capsule,5.77,1547(E),26-03-2024
635,Rifampicin,Capsule 150mg,1 Capsule,2.33,1547(E),26-03-2024
636,Rifampicin,Capsule 300mg,1 Capsule,4.69,1547(E),26-03-2024
637,Rifampicin,Oral liquid 100mg/5mL(p),1 ML,0.48,1547(E),26-03-2024
638,Risperidone,Tablet 1 mg,1 Tablet,3.08,1547(E),26-03-2024
639,Risperidone,Tablet 2 mg,1 Tablet,4.56,1547(E),26-03-2024
640,Risperidone,Tablet 4 mg,1 Tablet,7.49,1547(E),26-03-2024
641,Risperidone,Oral liquid 1mg/mL,1 ML,2.25,1547(E),26-03-2024
642,Risperidone,Injection (Long acting) 25mg,1 ML,1963.89,1547(E),26-03-2024
643,Risperidone,Injection (Long acting) 37.5 mg,1 ML,2695.52,1547(E),26-03-2024
644,Ritonavir,Tablet 100mg,1 Tablet,29.72,1547(E),26-03-2024
645,Rituximab,Injection 10mg/mL,1 ML,775.07,1547(E),26-03-2024
646,Rota virus vaccine,As licensed,1 Vial,869.45,1547(E),26-03-2024
647,Salbutamol,Tablet 4 mg,1 Tablet,0.33,4498(E),14-10-2024
648,Salbutamol,Tablet 2 mg,1 Tablet,0.27,4498(E),14-10-2024
649,Salbutamol,Oral liquid 2mg/5mL,1 ML,0.18,1547(E),26-03-2024
650,Salbutamol,Inhalation (MDI/DPI) 100mcg/dose,1 Dose,0.50,1547(E),26-03-2024
651,Salbutamol,Respirator Solution (Solution for Nebulizer 5mg/mL),1 ML,1.04,4498(E),14-10-2024
652,Salicylic acid,Ointment 6%,1 GM,2.06,1547(E),26-03-2024
653,Salicylic acid,Ointment 3%,1 GM,2.10,1547(E),26-03-2024
654,Sevoflurane,Liquid for inhalation,1 ML,31.71,1547(E),26-03-2024
655,Snake venom antiserum,Lyophilized polyvalent - As Licensed,1 Vial of 10 ML,676.84,1547(E),26-03-2024
656,Snake Venom Antiserum,Soluble/ Liquid Polyvalent - As Licensed,1 Vial of 10 ML,436.13,1547(E),26-03-2024
657,Sodium bicarbonate,Injection (as per IP) - 8.4%,1 ML,1.37,1547(E),26-03-2024
658,Sodium bicarbonate,Injection (as per IP) - 7.5%,1 ML,1.03,1547(E),26-03-2024
659,Sodium Valproate,Tablet 300mg,1 Tablet,4.54,1547(E),26-03-2024
660,Sodium Valproate,Oral liquid 200mg/5mL(p),1 ML,0.66,1547(E),26-03-2024
661,Sodium Valproate,Tablet 200mg,1 Tablet,3.65,1547(E),26-03-2024
662,Sodium Valproate,Modified Release 3 Tablet 500mg,1 Tablet,9.44,1547(E),26-03-2024
663,Sodium Valproate,Tablet 500mg,1 Tablet,8.26,1547(E),26-03-2024
664,Sodium Valproate,Modified Release 3 Tablet 300mg,1 Tablet,6.21,1547(E),26-03-2024
665,Sodium Valproate,Injection 100mg/mL,1 ML,6.87,1547(E),26-03-2024
666,Sofosbuvir,Tablet 400mg,1 Tablet,534.26,1547(E),26-03-2024
667,Somatostatin,Powder for Injection 3mg,1 Vial,1382.65,1547(E),26-03-2024
668,Spironolactone,Tablet 50mg,1 Tablet,4.45,1547(E),26-03-2024
669,Spironolactone,Tablet 25mg,1 Tablet,2.23,1547(E),26-03-2024
670,Streptokinase,"Injection 15,00,000IU",1 Vial,1910.00,1547(E),26-03-2024
671,Streptomycin,Powder for Injection 750 mg,1 Vial,15.41,4498(E),14-10-2024
672,Streptomycin,Powder for Injection 1000mg,1 Vial,16.57,4498(E),14-10-2024
673,Succinylcholine,Injection 50mg/mL,1 ML,5.30,1547(E),26-03-2024
674,Sulfasalazine,Tablet 500 mg,1 Tablet,4.80,1547(E),26-03-2024
675,Sumatriptan,Tablet 25mg,1 Tablet,33.07,1547(E),26-03-2024
676,Sumatriptan,Tablet 50mg,1 Tablet,56.65,1547(E),26-03-2024
677,Tacrolimus,Capsule 0.5mg,1 Capsule,21.02,1547(E),26-03-2024
678,Tacrolimus,Capsule 1mg,1 Capsule,41.33,1547(E),26-03-2024
679,Tacrolimus,Capsule 2mg,1 Capsule,85.81,1547(E),26-03-2024
680,Tacrolimus,Tablet 1mg,1 Tablet,40.68,1547(E),26-03-2024
681,Tacrolimus,Tablet 2mg,1 Tablet,79.04,1547(E),26-03-2024
682,Tacrolimus,Tablet 0.5mg,1 Tablet,21.33,1547(E),26-03-2024
683,Tamoxifen,Tablet 20mg,1 Tablet,3.00,1547(E),26-03-2024
684,Tamoxifen,Tablet 10mg,1 Tablet,2.25,1547(E),26-03-2024
685,Telmisartan,Tablet 20mg,1 Tablet,3.95,1547(E),26-03-2024
686,Telmisartan,Tablet 40mg,1 Tablet,6.88,1547(E),26-03-2024
687,Telmisartan,Tablet 80mg,1 Tablet,10.58,1547(E),26-03-2024
688,Temozolomide,Capsule 20 mg,1 Capsule,449.01,1547(E),26-03-2024
689,Temozolomide,Capsule 250mg,1 Capsule,4378.91,1547(E),26-03-2024
690,Temozolomide,Capsule 100mg,1 Capsule,1534.96,1547(E),26-03-2024
691,Temozolomide,Tablet 20 mg,1 Tablet,342.51,1547(E),26-03-2024
692,Temozolomide,Tablet 250 mg,1 Tablet,3823.55,1547(E),26-03-2024
693,Tenecteplase,Injection 40mg/vial,1 Vial,51266.61,1547(E),26-03-2024
694,Tenecteplase,Injection 30mg/vial,1 Vial,37552.36,1547(E),26-03-2024
695,Teneligliptin,Tablet 20mg,1 Tablet,11.28,1547(E),26-03-2024
696,Tenofovir Alafenamide Fumarate (TAF),Tablet 25mg,1 Tablet,49.72,1547(E),26-03-2024
697,Tenofovir Disproxil Fumarate (A) + Lamivudine (B),Tablet 300mg (A) + 300mg(B),1 Tablet,46.37,1547(E),26-03-2024
698,Tenofovir Disproxil Fumarate (A) +Lamivudine (B)+ Efavirenz(C),Tablet 300mg(A)+ 300mg (B) + 600mg(C),1 Tablet,104.64,1547(E),26-03-2024
699,Tenofovir Disproxil Fumarate (TDF),Tablet 300mg,1 Tablet,46.64,1547(E),26-03-2024
700,Tenofovir Disproxil Fumarate + Lamivudine + Dolutegravir,Tablet 300mg + 300mg + 50 mg,1 Tablet,116.99,1547(E),26-03-2024
701,Terbinafine,Cream 1%,1 GM,5.35,1547(E),26-03-2024
702,Tetanus toxoid,As licensed (5ml),1 Vial,25.97,1547(E),26-03-2024
703,Tetanus toxoid,As licensed (0.5ml),1 Vial (0.5ML),12.69,1547(E),26-03-2024
704,Thalidomide,Capsule 50 mg,1 Capsule,31.70,1547(E),26-03-2024
705,Thalidomide,Capsule 100mg,1 Capsule,63.09,1547(E),26-03-2024
706,Thiamine,Tablet 100 mg,1 Tablet,4.54,1547(E),26-03-2024
707,Thiamine,Injection 100 mg/mL,1 ML,27.16,5498(E),19-12-2024
708,Thiopentone,Powder for injection 1g,1 Vial,56.28,1547(E),26-03-2024
709,Thiopentone,Powder for injection 0.5g,1 Vial,46.49,1547(E),26-03-2024
710,Timolol,Drops 0.5 %,1 ML,13.63,1547(E),26-03-2024
711,Tiotropium,Inhalation (MDI) 9 mcg/dose,1 Metered Dose,2.83,1547(E),26-03-2024
712,Tiotropium,Inhalation (DPI) 18mcg/dose,1 Dose,10.90,1547(E),26-03-2024
713,Tramadol,Injection 50mg/mL (upto 2ml pack),1 ML,11.99,1547(E),26-03-2024
714,Tramadol,Capsule 50mg,1 Capsule,4.90,1547(E),26-03-2024
715,Tramadol,Capsule 100mg,1 Capsule,9.20,1547(E),26-03-2024
716,Tramadol,Tablet 50mg,1 Tablet,9.87,1547(E),26-03-2024
717,Tramadol,Tablet 100mg,1 Tablet,24.91,1547(E),26-03-2024
718,Tranexamic acid,Injection 100 mg/mL,1 ML,13.95,1547(E),26-03-2024
719,Tranexamic acid,Tablet 500 mg,1 Tablet,18.86,1547(E),26-03-2024
720,Trastuzumab,Injection 440mg/50mL,1 Vial,55677.58,1547(E),26-03-2024
721,Trihexyphenidyl,Tablet 2mg,1 Tablet,1.39,1547(E),26-03-2024
722,Tropicamide,Eye drop 1 %,1 ML,9.59,1547(E),26-03-2024
723,Valganciclovir,Tablet 450 mg,1 Tablet,415.38,3216(E),08-08-2024
724,Vancomycin,Powder for Injection 500 mg,1 Vial,323.17,1547(E),26-03-2024
725,Vancomycin,Powder for Injection 1000mg,1 Vial,478.45,1547(E),26-03-2024
726,Vancomycin,Powder for Injection 250 mg,1 Vial,255.62,1547(E),26-03-2024
727,Vancomycin,Capsule 250 mg,1 Capsule,155.04,1547(E),26-03-2024
728,Vecuronium,Powder for injection 10mg,1 Vial,119.41,1547(E),26-03-2024
729,Vecuronium,Powder for injection 4 mg,1 Vial,75.69,1547(E),26-03-2024
730,Verapamil,Tablet 80 mg,1 Tablet,1.62,1547(E),26-03-2024
731,Verapamil,Tablet 40mg,1 Tablet,0.87,1547(E),26-03-2024
732,Vincristine,Injection 1mg/mL,1 ML,58.52,1547(E),26-03-2024
733,Vitamin A,Tablet 50000IU (including Chewable Tablet),1 Tablet,0.74,1547(E),26-03-2024
734,Vitamin A,Injection 50000IU/mL,1 ML,2.30,1547(E),26-03-2024
735,Warfarin,Tablet 5 mg,1 Tablet,2.44,1547(E),26-03-2024
736,Warfarin,Tablet 3 mg,1 Tablet,3.24,1547(E),26-03-2024
737,Warfarin,Tablet 2 mg,1 Tablet,2.77,1547(E),26-03-2024
738,Warfarin,Tablet 1 mg,1 Tablet,2.50,1547(E),26-03-2024
739,Water for injection,Injection,Each Pack (10 ML),2.46,5497(E),19-12-2024
740,Xylometazoline,Nasal drops 0.05 %,1 ML,4.26,1547(E),26-03-2024
741,Xylometazoline,Nasal drops 0.1%,1 ML,5.21,1547(E),26-03-2024
742,Zidovudine,Tablet 300 mg,1 Tablet,13.83,1547(E),26-03-2024
743,Zidovudine (A) +Lamivudine (B) +Nevirapine(C),Tablet 300mg(A)+150mg(B) +200mg (c),1 Tablet,21.50,1547(E),26-03-2024
744,Zidovudine (A) +Lamivudine(B),Tablet 300mg(A)+150mg(B),1 Tablet,21.46,1547(E),26-03-2024
745,Zinc Sulphate,Dispersible Tablet 20mg,1 Tablet,3.47,1547(E),26-03-2024
746,Zoledronic acid,Powder for Injection 4mg,1 Vial,2433.68,1547(E),26-03-2024
747,Zolpidem,Tablet 5mg,1 Tablet,6.32,1547(E),26-03-2024
748,Zolpidem,Tablet 10mg,1 Tablet,8.66,1547(E),26-03-2024
